<annotation>
	<folder>new images</folder>
	<filename>bee157.jpg</filename>
	<path>C:\HonorsJavaFinal\new images\bee157.jpg</path>
	<source>
		<database>Unknown</database>
	</source>
	<size>
		<width>343</width>
		<height>147</height>
		<depth>3</depth>
	</size>
	<segmented>0</segmented>
	<object>
		<name>bee</name>
		<pose>Unspecified</pose>
		<truncated>0</truncated>
		<difficult>0</difficult>
		<bndbox>
			<xmin>163</xmin>
			<ymin>50</ymin>
			<xmax>266</xmax>
			<ymax>84</ymax>
		</bndbox>
	</object>
</annotation>
