<annotation>
	<folder>new images</folder>
	<filename>bee155.jpg</filename>
	<path>C:\HonorsJavaFinal\new images\bee155.jpg</path>
	<source>
		<database>Unknown</database>
	</source>
	<size>
		<width>262</width>
		<height>192</height>
		<depth>3</depth>
	</size>
	<segmented>0</segmented>
	<object>
		<name>bee</name>
		<pose>Unspecified</pose>
		<truncated>0</truncated>
		<difficult>0</difficult>
		<bndbox>
			<xmin>172</xmin>
			<ymin>46</ymin>
			<xmax>217</xmax>
			<ymax>85</ymax>
		</bndbox>
	</object>
</annotation>
