<annotation>
	<folder>Images</folder>
	<filename>bee102.jpg</filename>
	<path>C:\Users\hayde_1kqbpah\Honors Java Final\Images\bee102.jpg</path>
	<source>
		<database>Unknown</database>
	</source>
	<size>
		<width>560</width>
		<height>373</height>
		<depth>3</depth>
	</size>
	<segmented>0</segmented>
	<object>
		<name>bee</name>
		<pose>Unspecified</pose>
		<truncated>0</truncated>
		<difficult>0</difficult>
		<bndbox>
			<xmin>333</xmin>
			<ymin>184</ymin>
			<xmax>392</xmax>
			<ymax>241</ymax>
		</bndbox>
	</object>
</annotation>
