<annotation>
	<folder>new images</folder>
	<filename>bee171.jpg</filename>
	<path>C:\HonorsJavaFinal\new images\bee171.jpg</path>
	<source>
		<database>Unknown</database>
	</source>
	<size>
		<width>250</width>
		<height>202</height>
		<depth>3</depth>
	</size>
	<segmented>0</segmented>
	<object>
		<name>bee</name>
		<pose>Unspecified</pose>
		<truncated>0</truncated>
		<difficult>0</difficult>
		<bndbox>
			<xmin>25</xmin>
			<ymin>58</ymin>
			<xmax>145</xmax>
			<ymax>104</ymax>
		</bndbox>
	</object>
</annotation>
