<annotation>
	<folder>new images</folder>
	<filename>bee180.jpg</filename>
	<path>C:\HonorsJavaFinal\new images\bee180.jpg</path>
	<source>
		<database>Unknown</database>
	</source>
	<size>
		<width>294</width>
		<height>171</height>
		<depth>3</depth>
	</size>
	<segmented>0</segmented>
	<object>
		<name>bee</name>
		<pose>Unspecified</pose>
		<truncated>0</truncated>
		<difficult>0</difficult>
		<bndbox>
			<xmin>163</xmin>
			<ymin>35</ymin>
			<xmax>224</xmax>
			<ymax>68</ymax>
		</bndbox>
	</object>
	<object>
		<name>bee</name>
		<pose>Unspecified</pose>
		<truncated>0</truncated>
		<difficult>0</difficult>
		<bndbox>
			<xmin>149</xmin>
			<ymin>94</ymin>
			<xmax>172</xmax>
			<ymax>151</ymax>
		</bndbox>
	</object>
</annotation>
