<annotation>
	<folder>Images</folder>
	<filename>bee100.jpg</filename>
	<path>C:\Users\hayde_1kqbpah\Honors Java Final\Images\bee100.jpg</path>
	<source>
		<database>Unknown</database>
	</source>
	<size>
		<width>278</width>
		<height>181</height>
		<depth>3</depth>
	</size>
	<segmented>0</segmented>
	<object>
		<name>bee</name>
		<pose>Unspecified</pose>
		<truncated>0</truncated>
		<difficult>0</difficult>
		<bndbox>
			<xmin>68</xmin>
			<ymin>36</ymin>
			<xmax>91</xmax>
			<ymax>52</ymax>
		</bndbox>
	</object>
	<object>
		<name>bee</name>
		<pose>Unspecified</pose>
		<truncated>0</truncated>
		<difficult>0</difficult>
		<bndbox>
			<xmin>90</xmin>
			<ymin>129</ymin>
			<xmax>102</xmax>
			<ymax>152</ymax>
		</bndbox>
	</object>
	<object>
		<name>bee</name>
		<pose>Unspecified</pose>
		<truncated>0</truncated>
		<difficult>0</difficult>
		<bndbox>
			<xmin>164</xmin>
			<ymin>133</ymin>
			<xmax>193</xmax>
			<ymax>158</ymax>
		</bndbox>
	</object>
</annotation>
