<annotation>
	<folder>Images</folder>
	<filename>bee13.jpg</filename>
	<path>C:\Users\hayde_1kqbpah\Honors Java Final\Images\bee13.jpg</path>
	<source>
		<database>Unknown</database>
	</source>
	<size>
		<width>1280</width>
		<height>720</height>
		<depth>3</depth>
	</size>
	<segmented>0</segmented>
	<object>
		<name>bee</name>
		<pose>Unspecified</pose>
		<truncated>0</truncated>
		<difficult>0</difficult>
		<bndbox>
			<xmin>592</xmin>
			<ymin>214</ymin>
			<xmax>950</xmax>
			<ymax>532</ymax>
		</bndbox>
	</object>
	<object>
		<name>bee</name>
		<pose>Unspecified</pose>
		<truncated>0</truncated>
		<difficult>0</difficult>
		<bndbox>
			<xmin>939</xmin>
			<ymin>221</ymin>
			<xmax>1220</xmax>
			<ymax>628</ymax>
		</bndbox>
	</object>
</annotation>
