<annotation>
	<folder>new images</folder>
	<filename>bee183.jpg</filename>
	<path>C:\HonorsJavaFinal\new images\bee183.jpg</path>
	<source>
		<database>Unknown</database>
	</source>
	<size>
		<width>299</width>
		<height>168</height>
		<depth>3</depth>
	</size>
	<segmented>0</segmented>
	<object>
		<name>bee</name>
		<pose>Unspecified</pose>
		<truncated>0</truncated>
		<difficult>0</difficult>
		<bndbox>
			<xmin>115</xmin>
			<ymin>6</ymin>
			<xmax>130</xmax>
			<ymax>15</ymax>
		</bndbox>
	</object>
</annotation>
