<annotation>
	<folder>Images</folder>
	<filename>bee105.jpg</filename>
	<path>C:\Users\hayde_1kqbpah\Honors Java Final\Images\bee105.jpg</path>
	<source>
		<database>Unknown</database>
	</source>
	<size>
		<width>426</width>
		<height>300</height>
		<depth>3</depth>
	</size>
	<segmented>0</segmented>
	<object>
		<name>bee</name>
		<pose>Unspecified</pose>
		<truncated>0</truncated>
		<difficult>0</difficult>
		<bndbox>
			<xmin>150</xmin>
			<ymin>59</ymin>
			<xmax>283</xmax>
			<ymax>158</ymax>
		</bndbox>
	</object>
</annotation>
