<annotation>
	<folder>Images</folder>
	<filename>bee16.jpg</filename>
	<path>C:\Users\hayde_1kqbpah\Honors Java Final\Images\bee16.jpg</path>
	<source>
		<database>Unknown</database>
	</source>
	<size>
		<width>306</width>
		<height>306</height>
		<depth>3</depth>
	</size>
	<segmented>0</segmented>
	<object>
		<name>bee</name>
		<pose>Unspecified</pose>
		<truncated>0</truncated>
		<difficult>0</difficult>
		<bndbox>
			<xmin>48</xmin>
			<ymin>56</ymin>
			<xmax>149</xmax>
			<ymax>145</ymax>
		</bndbox>
	</object>
</annotation>
