<annotation>
	<folder>Images</folder>
	<filename>bee14.jpg</filename>
	<path>C:\Users\hayde_1kqbpah\Honors Java Final\Images\bee14.jpg</path>
	<source>
		<database>Unknown</database>
	</source>
	<size>
		<width>1045</width>
		<height>700</height>
		<depth>3</depth>
	</size>
	<segmented>0</segmented>
	<object>
		<name>bee</name>
		<pose>Unspecified</pose>
		<truncated>0</truncated>
		<difficult>0</difficult>
		<bndbox>
			<xmin>288</xmin>
			<ymin>423</ymin>
			<xmax>399</xmax>
			<ymax>525</ymax>
		</bndbox>
	</object>
</annotation>
