<annotation>
	<folder>new images</folder>
	<filename>bee154.jpg</filename>
	<path>C:\HonorsJavaFinal\new images\bee154.jpg</path>
	<source>
		<database>Unknown</database>
	</source>
	<size>
		<width>267</width>
		<height>189</height>
		<depth>3</depth>
	</size>
	<segmented>0</segmented>
	<object>
		<name>bee</name>
		<pose>Unspecified</pose>
		<truncated>0</truncated>
		<difficult>0</difficult>
		<bndbox>
			<xmin>102</xmin>
			<ymin>63</ymin>
			<xmax>183</xmax>
			<ymax>100</ymax>
		</bndbox>
	</object>
</annotation>
