<annotation>
	<folder>new images</folder>
	<filename>bee156.jpg</filename>
	<path>C:\HonorsJavaFinal\new images\bee156.jpg</path>
	<source>
		<database>Unknown</database>
	</source>
	<size>
		<width>275</width>
		<height>183</height>
		<depth>3</depth>
	</size>
	<segmented>0</segmented>
	<object>
		<name>bee</name>
		<pose>Unspecified</pose>
		<truncated>0</truncated>
		<difficult>0</difficult>
		<bndbox>
			<xmin>87</xmin>
			<ymin>37</ymin>
			<xmax>199</xmax>
			<ymax>118</ymax>
		</bndbox>
	</object>
</annotation>
