<annotation>
	<folder>Images</folder>
	<filename>bee109.jpg</filename>
	<path>C:\Users\hayde_1kqbpah\Honors Java Final\Images\bee109.jpg</path>
	<source>
		<database>Unknown</database>
	</source>
	<size>
		<width>450</width>
		<height>302</height>
		<depth>3</depth>
	</size>
	<segmented>0</segmented>
	<object>
		<name>bee</name>
		<pose>Unspecified</pose>
		<truncated>0</truncated>
		<difficult>0</difficult>
		<bndbox>
			<xmin>153</xmin>
			<ymin>186</ymin>
			<xmax>186</xmax>
			<ymax>212</ymax>
		</bndbox>
	</object>
	<object>
		<name>bee</name>
		<pose>Unspecified</pose>
		<truncated>0</truncated>
		<difficult>0</difficult>
		<bndbox>
			<xmin>298</xmin>
			<ymin>195</ymin>
			<xmax>326</xmax>
			<ymax>234</ymax>
		</bndbox>
	</object>
	<object>
		<name>bee</name>
		<pose>Unspecified</pose>
		<truncated>0</truncated>
		<difficult>0</difficult>
		<bndbox>
			<xmin>382</xmin>
			<ymin>172</ymin>
			<xmax>416</xmax>
			<ymax>206</ymax>
		</bndbox>
	</object>
</annotation>
