<annotation>
	<folder>new images</folder>
	<filename>bee160.jpg</filename>
	<path>C:\HonorsJavaFinal\new images\bee160.jpg</path>
	<source>
		<database>Unknown</database>
	</source>
	<size>
		<width>289</width>
		<height>174</height>
		<depth>3</depth>
	</size>
	<segmented>0</segmented>
	<object>
		<name>bee</name>
		<pose>Unspecified</pose>
		<truncated>0</truncated>
		<difficult>0</difficult>
		<bndbox>
			<xmin>93</xmin>
			<ymin>49</ymin>
			<xmax>271</xmax>
			<ymax>127</ymax>
		</bndbox>
	</object>
</annotation>
