<annotation>
	<folder>new images</folder>
	<filename>bee167.jpg</filename>
	<path>C:\HonorsJavaFinal\new images\bee167.jpg</path>
	<source>
		<database>Unknown</database>
	</source>
	<size>
		<width>819</width>
		<height>1024</height>
		<depth>3</depth>
	</size>
	<segmented>0</segmented>
	<object>
		<name>bee</name>
		<pose>Unspecified</pose>
		<truncated>0</truncated>
		<difficult>0</difficult>
		<bndbox>
			<xmin>102</xmin>
			<ymin>275</ymin>
			<xmax>344</xmax>
			<ymax>382</ymax>
		</bndbox>
	</object>
	<object>
		<name>bee</name>
		<pose>Unspecified</pose>
		<truncated>0</truncated>
		<difficult>0</difficult>
		<bndbox>
			<xmin>483</xmin>
			<ymin>481</ymin>
			<xmax>704</xmax>
			<ymax>607</ymax>
		</bndbox>
	</object>
</annotation>
