<annotation>
	<folder>new images</folder>
	<filename>bee185.jpg</filename>
	<path>C:\HonorsJavaFinal\new images\bee185.jpg</path>
	<source>
		<database>Unknown</database>
	</source>
	<size>
		<width>300</width>
		<height>168</height>
		<depth>3</depth>
	</size>
	<segmented>0</segmented>
	<object>
		<name>bee</name>
		<pose>Unspecified</pose>
		<truncated>0</truncated>
		<difficult>0</difficult>
		<bndbox>
			<xmin>3</xmin>
			<ymin>41</ymin>
			<xmax>14</xmax>
			<ymax>60</ymax>
		</bndbox>
	</object>
</annotation>
