<annotation>
	<folder>new images</folder>
	<filename>bee150.jpg</filename>
	<path>C:\HonorsJavaFinal\new images\bee150.jpg</path>
	<source>
		<database>Unknown</database>
	</source>
	<size>
		<width>800</width>
		<height>800</height>
		<depth>3</depth>
	</size>
	<segmented>0</segmented>
	<object>
		<name>bee</name>
		<pose>Unspecified</pose>
		<truncated>0</truncated>
		<difficult>0</difficult>
		<bndbox>
			<xmin>90</xmin>
			<ymin>210</ymin>
			<xmax>673</xmax>
			<ymax>542</ymax>
		</bndbox>
	</object>
</annotation>
