<annotation>
	<folder>new images</folder>
	<filename>bee151.jpg</filename>
	<path>C:\HonorsJavaFinal\new images\bee151.jpg</path>
	<source>
		<database>Unknown</database>
	</source>
	<size>
		<width>204</width>
		<height>248</height>
		<depth>3</depth>
	</size>
	<segmented>0</segmented>
	<object>
		<name>bee</name>
		<pose>Unspecified</pose>
		<truncated>0</truncated>
		<difficult>0</difficult>
		<bndbox>
			<xmin>83</xmin>
			<ymin>56</ymin>
			<xmax>185</xmax>
			<ymax>115</ymax>
		</bndbox>
	</object>
</annotation>
