<annotation>
	<folder>new images</folder>
	<filename>bee175.jpg</filename>
	<path>C:\HonorsJavaFinal\new images\bee175.jpg</path>
	<source>
		<database>Unknown</database>
	</source>
	<size>
		<width>257</width>
		<height>196</height>
		<depth>3</depth>
	</size>
	<segmented>0</segmented>
	<object>
		<name>bee</name>
		<pose>Unspecified</pose>
		<truncated>0</truncated>
		<difficult>0</difficult>
		<bndbox>
			<xmin>126</xmin>
			<ymin>125</ymin>
			<xmax>193</xmax>
			<ymax>165</ymax>
		</bndbox>
	</object>
</annotation>
