<annotation>
	<folder>Images</folder>
	<filename>bee108.jpg</filename>
	<path>C:\Users\hayde_1kqbpah\Honors Java Final\Images\bee108.jpg</path>
	<source>
		<database>Unknown</database>
	</source>
	<size>
		<width>576</width>
		<height>258</height>
		<depth>3</depth>
	</size>
	<segmented>0</segmented>
	<object>
		<name>bee</name>
		<pose>Unspecified</pose>
		<truncated>0</truncated>
		<difficult>0</difficult>
		<bndbox>
			<xmin>71</xmin>
			<ymin>79</ymin>
			<xmax>265</xmax>
			<ymax>187</ymax>
		</bndbox>
	</object>
	<object>
		<name>bee</name>
		<pose>Unspecified</pose>
		<truncated>0</truncated>
		<difficult>0</difficult>
		<bndbox>
			<xmin>414</xmin>
			<ymin>83</ymin>
			<xmax>550</xmax>
			<ymax>205</ymax>
		</bndbox>
	</object>
</annotation>
