<annotation>
	<folder>Images</folder>
	<filename>bee11.jpg</filename>
	<path>C:\Users\hayde_1kqbpah\Honors Java Final\Images\bee11.jpg</path>
	<source>
		<database>Unknown</database>
	</source>
	<size>
		<width>800</width>
		<height>480</height>
		<depth>3</depth>
	</size>
	<segmented>0</segmented>
	<object>
		<name>bee</name>
		<pose>Unspecified</pose>
		<truncated>0</truncated>
		<difficult>0</difficult>
		<bndbox>
			<xmin>434</xmin>
			<ymin>304</ymin>
			<xmax>560</xmax>
			<ymax>460</ymax>
		</bndbox>
	</object>
	<object>
		<name>bee</name>
		<pose>Unspecified</pose>
		<truncated>0</truncated>
		<difficult>0</difficult>
		<bndbox>
			<xmin>528</xmin>
			<ymin>126</ymin>
			<xmax>636</xmax>
			<ymax>300</ymax>
		</bndbox>
	</object>
	<object>
		<name>bee</name>
		<pose>Unspecified</pose>
		<truncated>0</truncated>
		<difficult>0</difficult>
		<bndbox>
			<xmin>481</xmin>
			<ymin>12</ymin>
			<xmax>657</xmax>
			<ymax>116</ymax>
		</bndbox>
	</object>
</annotation>
