<annotation>
	<folder>Images</folder>
	<filename>bee104.jpg</filename>
	<path>C:\Users\hayde_1kqbpah\Honors Java Final\Images\bee104.jpg</path>
	<source>
		<database>Unknown</database>
	</source>
	<size>
		<width>300</width>
		<height>226</height>
		<depth>3</depth>
	</size>
	<segmented>0</segmented>
	<object>
		<name>bee</name>
		<pose>Unspecified</pose>
		<truncated>0</truncated>
		<difficult>0</difficult>
		<bndbox>
			<xmin>155</xmin>
			<ymin>86</ymin>
			<xmax>197</xmax>
			<ymax>126</ymax>
		</bndbox>
	</object>
</annotation>
