<annotation>
	<folder>new images</folder>
	<filename>bee168.jpg</filename>
	<path>C:\HonorsJavaFinal\new images\bee168.jpg</path>
	<source>
		<database>Unknown</database>
	</source>
	<size>
		<width>900</width>
		<height>600</height>
		<depth>3</depth>
	</size>
	<segmented>0</segmented>
	<object>
		<name>bee</name>
		<pose>Unspecified</pose>
		<truncated>0</truncated>
		<difficult>0</difficult>
		<bndbox>
			<xmin>199</xmin>
			<ymin>339</ymin>
			<xmax>398</xmax>
			<ymax>459</ymax>
		</bndbox>
	</object>
</annotation>
