<annotation>
	<folder>Images</folder>
	<filename>bee106.jpg</filename>
	<path>C:\Users\hayde_1kqbpah\Honors Java Final\Images\bee106.jpg</path>
	<source>
		<database>Unknown</database>
	</source>
	<size>
		<width>259</width>
		<height>194</height>
		<depth>3</depth>
	</size>
	<segmented>0</segmented>
	<object>
		<name>bee</name>
		<pose>Unspecified</pose>
		<truncated>0</truncated>
		<difficult>0</difficult>
		<bndbox>
			<xmin>57</xmin>
			<ymin>63</ymin>
			<xmax>168</xmax>
			<ymax>134</ymax>
		</bndbox>
	</object>
</annotation>
