<annotation>
	<folder>new images</folder>
	<filename>bee164.jpg</filename>
	<path>C:\HonorsJavaFinal\new images\bee164.jpg</path>
	<source>
		<database>Unknown</database>
	</source>
	<size>
		<width>1125</width>
		<height>750</height>
		<depth>3</depth>
	</size>
	<segmented>0</segmented>
	<object>
		<name>bee</name>
		<pose>Unspecified</pose>
		<truncated>0</truncated>
		<difficult>0</difficult>
		<bndbox>
			<xmin>548</xmin>
			<ymin>318</ymin>
			<xmax>712</xmax>
			<ymax>422</ymax>
		</bndbox>
	</object>
</annotation>
