<annotation>
	<folder>Images</folder>
	<filename>bee1.jpg</filename>
	<path>C:\Users\hayde_1kqbpah\Honors Java Final\Images\bee1.jpg</path>
	<source>
		<database>Unknown</database>
	</source>
	<size>
		<width>267</width>
		<height>189</height>
		<depth>3</depth>
	</size>
	<segmented>0</segmented>
	<object>
		<name>bee</name>
		<pose>Unspecified</pose>
		<truncated>0</truncated>
		<difficult>0</difficult>
		<bndbox>
			<xmin>10</xmin>
			<ymin>33</ymin>
			<xmax>260</xmax>
			<ymax>149</ymax>
		</bndbox>
	</object>
</annotation>
