<annotation>
	<folder>new images</folder>
	<filename>bee162.jpg</filename>
	<path>C:\HonorsJavaFinal\new images\bee162.jpg</path>
	<source>
		<database>Unknown</database>
	</source>
	<size>
		<width>274</width>
		<height>184</height>
		<depth>3</depth>
	</size>
	<segmented>0</segmented>
	<object>
		<name>bee</name>
		<pose>Unspecified</pose>
		<truncated>0</truncated>
		<difficult>0</difficult>
		<bndbox>
			<xmin>75</xmin>
			<ymin>31</ymin>
			<xmax>121</xmax>
			<ymax>74</ymax>
		</bndbox>
	</object>
</annotation>
