<annotation>
	<folder>Images</folder>
	<filename>bee107.jpg</filename>
	<path>C:\Users\hayde_1kqbpah\Honors Java Final\Images\bee107.jpg</path>
	<source>
		<database>Unknown</database>
	</source>
	<size>
		<width>802</width>
		<height>610</height>
		<depth>3</depth>
	</size>
	<segmented>0</segmented>
	<object>
		<name>bee</name>
		<pose>Unspecified</pose>
		<truncated>0</truncated>
		<difficult>0</difficult>
		<bndbox>
			<xmin>108</xmin>
			<ymin>222</ymin>
			<xmax>527</xmax>
			<ymax>528</ymax>
		</bndbox>
	</object>
</annotation>
