<annotation>
	<folder>new images</folder>
	<filename>bee174.jpg</filename>
	<path>C:\HonorsJavaFinal\new images\bee174.jpg</path>
	<source>
		<database>Unknown</database>
	</source>
	<size>
		<width>301</width>
		<height>167</height>
		<depth>3</depth>
	</size>
	<segmented>0</segmented>
	<object>
		<name>bee</name>
		<pose>Unspecified</pose>
		<truncated>0</truncated>
		<difficult>0</difficult>
		<bndbox>
			<xmin>148</xmin>
			<ymin>29</ymin>
			<xmax>228</xmax>
			<ymax>105</ymax>
		</bndbox>
	</object>
</annotation>
