<annotation>
	<folder>new images</folder>
	<filename>bee161.jpg</filename>
	<path>C:\HonorsJavaFinal\new images\bee161.jpg</path>
	<source>
		<database>Unknown</database>
	</source>
	<size>
		<width>275</width>
		<height>183</height>
		<depth>3</depth>
	</size>
	<segmented>0</segmented>
	<object>
		<name>bee</name>
		<pose>Unspecified</pose>
		<truncated>0</truncated>
		<difficult>0</difficult>
		<bndbox>
			<xmin>143</xmin>
			<ymin>42</ymin>
			<xmax>234</xmax>
			<ymax>96</ymax>
		</bndbox>
	</object>
</annotation>
