<annotation>
	<folder>new images</folder>
	<filename>bee147.jpg</filename>
	<path>C:\HonorsJavaFinal\new images\bee147.jpg</path>
	<source>
		<database>Unknown</database>
	</source>
	<size>
		<width>300</width>
		<height>450</height>
		<depth>3</depth>
	</size>
	<segmented>0</segmented>
	<object>
		<name>bee</name>
		<pose>Unspecified</pose>
		<truncated>0</truncated>
		<difficult>0</difficult>
		<bndbox>
			<xmin>81</xmin>
			<ymin>133</ymin>
			<xmax>254</xmax>
			<ymax>425</ymax>
		</bndbox>
	</object>
</annotation>
