<annotation>
	<folder>new images</folder>
	<filename>bee173.jpg</filename>
	<path>C:\HonorsJavaFinal\new images\bee173.jpg</path>
	<source>
		<database>Unknown</database>
	</source>
	<size>
		<width>275</width>
		<height>183</height>
		<depth>3</depth>
	</size>
	<segmented>0</segmented>
	<object>
		<name>bee</name>
		<pose>Unspecified</pose>
		<truncated>0</truncated>
		<difficult>0</difficult>
		<bndbox>
			<xmin>132</xmin>
			<ymin>26</ymin>
			<xmax>210</xmax>
			<ymax>107</ymax>
		</bndbox>
	</object>
</annotation>
