<annotation>
	<folder>Images</folder>
	<filename>bee2.jpg</filename>
	<path>C:\Users\hayde_1kqbpah\Honors Java Final\Images\bee2.jpg</path>
	<source>
		<database>Unknown</database>
	</source>
	<size>
		<width>231</width>
		<height>218</height>
		<depth>3</depth>
	</size>
	<segmented>0</segmented>
	<object>
		<name>bee</name>
		<pose>Unspecified</pose>
		<truncated>0</truncated>
		<difficult>0</difficult>
		<bndbox>
			<xmin>60</xmin>
			<ymin>75</ymin>
			<xmax>195</xmax>
			<ymax>125</ymax>
		</bndbox>
	</object>
</annotation>
