<annotation>
	<folder>Images</folder>
	<filename>bee29.jpg</filename>
	<path>C:\Users\hayde_1kqbpah\Honors Java Final\Images\bee29.jpg</path>
	<source>
		<database>Unknown</database>
	</source>
	<size>
		<width>500</width>
		<height>333</height>
		<depth>3</depth>
	</size>
	<segmented>0</segmented>
	<object>
		<name>bee</name>
		<pose>Unspecified</pose>
		<truncated>0</truncated>
		<difficult>0</difficult>
		<bndbox>
			<xmin>370</xmin>
			<ymin>51</ymin>
			<xmax>437</xmax>
			<ymax>141</ymax>
		</bndbox>
	</object>
	<object>
		<name>bee</name>
		<pose>Unspecified</pose>
		<truncated>0</truncated>
		<difficult>0</difficult>
		<bndbox>
			<xmin>358</xmin>
			<ymin>197</ymin>
			<xmax>443</xmax>
			<ymax>253</ymax>
		</bndbox>
	</object>
	<object>
		<name>bee</name>
		<pose>Unspecified</pose>
		<truncated>0</truncated>
		<difficult>0</difficult>
		<bndbox>
			<xmin>107</xmin>
			<ymin>182</ymin>
			<xmax>193</xmax>
			<ymax>241</ymax>
		</bndbox>
	</object>
</annotation>
