<annotation>
	<folder>Images</folder>
	<filename>bee21.jpg</filename>
	<path>C:\Users\hayde_1kqbpah\Honors Java Final\Images\bee21.jpg</path>
	<source>
		<database>Unknown</database>
	</source>
	<size>
		<width>500</width>
		<height>667</height>
		<depth>3</depth>
	</size>
	<segmented>0</segmented>
	<object>
		<name>bee</name>
		<pose>Unspecified</pose>
		<truncated>0</truncated>
		<difficult>0</difficult>
		<bndbox>
			<xmin>187</xmin>
			<ymin>279</ymin>
			<xmax>316</xmax>
			<ymax>341</ymax>
		</bndbox>
	</object>
</annotation>
