<annotation>
	<folder>Images</folder>
	<filename>bee38.jpg</filename>
	<path>C:\Users\hayde_1kqbpah\Honors Java Final\Images\bee38.jpg</path>
	<source>
		<database>Unknown</database>
	</source>
	<size>
		<width>500</width>
		<height>332</height>
		<depth>3</depth>
	</size>
	<segmented>0</segmented>
	<object>
		<name>bee</name>
		<pose>Unspecified</pose>
		<truncated>0</truncated>
		<difficult>0</difficult>
		<bndbox>
			<xmin>194</xmin>
			<ymin>122</ymin>
			<xmax>265</xmax>
			<ymax>186</ymax>
		</bndbox>
	</object>
	<object>
		<name>bee</name>
		<pose>Unspecified</pose>
		<truncated>0</truncated>
		<difficult>0</difficult>
		<bndbox>
			<xmin>303</xmin>
			<ymin>111</ymin>
			<xmax>400</xmax>
			<ymax>205</ymax>
		</bndbox>
	</object>
</annotation>
