<annotation>
	<folder>Images</folder>
	<filename>bee3.jpg</filename>
	<path>C:\Users\hayde_1kqbpah\Honors Java Final\Images\bee3.jpg</path>
	<source>
		<database>Unknown</database>
	</source>
	<size>
		<width>251</width>
		<height>201</height>
		<depth>3</depth>
	</size>
	<segmented>0</segmented>
	<object>
		<name>bee</name>
		<pose>Unspecified</pose>
		<truncated>0</truncated>
		<difficult>0</difficult>
		<bndbox>
			<xmin>77</xmin>
			<ymin>51</ymin>
			<xmax>177</xmax>
			<ymax>152</ymax>
		</bndbox>
	</object>
</annotation>
