<annotation>
	<folder>Images</folder>
	<filename>bee48.jpg</filename>
	<path>C:\Users\hayde_1kqbpah\Honors Java Final\Images\bee48.jpg</path>
	<source>
		<database>Unknown</database>
	</source>
	<size>
		<width>800</width>
		<height>573</height>
		<depth>3</depth>
	</size>
	<segmented>0</segmented>
	<object>
		<name>bee</name>
		<pose>Unspecified</pose>
		<truncated>0</truncated>
		<difficult>0</difficult>
		<bndbox>
			<xmin>219</xmin>
			<ymin>234</ymin>
			<xmax>583</xmax>
			<ymax>377</ymax>
		</bndbox>
	</object>
</annotation>
