<annotation>
	<folder>Images</folder>
	<filename>bee4.jpg</filename>
	<path>C:\Users\hayde_1kqbpah\Honors Java Final\Images\bee4.jpg</path>
	<source>
		<database>Unknown</database>
	</source>
	<size>
		<width>290</width>
		<height>174</height>
		<depth>3</depth>
	</size>
	<segmented>0</segmented>
	<object>
		<name>bee</name>
		<pose>Unspecified</pose>
		<truncated>0</truncated>
		<difficult>0</difficult>
		<bndbox>
			<xmin>26</xmin>
			<ymin>14</ymin>
			<xmax>101</xmax>
			<ymax>89</ymax>
		</bndbox>
	</object>
	<object>
		<name>bee</name>
		<pose>Unspecified</pose>
		<truncated>0</truncated>
		<difficult>0</difficult>
		<bndbox>
			<xmin>130</xmin>
			<ymin>53</ymin>
			<xmax>227</xmax>
			<ymax>85</ymax>
		</bndbox>
	</object>
</annotation>
