<annotation>
	<folder>Images</folder>
	<filename>bee53.jpg</filename>
	<path>C:\Users\hayde_1kqbpah\Honors Java Final\Images\bee53.jpg</path>
	<source>
		<database>Unknown</database>
	</source>
	<size>
		<width>217</width>
		<height>232</height>
		<depth>3</depth>
	</size>
	<segmented>0</segmented>
	<object>
		<name>bee</name>
		<pose>Unspecified</pose>
		<truncated>0</truncated>
		<difficult>0</difficult>
		<bndbox>
			<xmin>68</xmin>
			<ymin>77</ymin>
			<xmax>159</xmax>
			<ymax>179</ymax>
		</bndbox>
	</object>
</annotation>
