<annotation>
	<folder>Images</folder>
	<filename>bee59.jpg</filename>
	<path>C:\Users\hayde_1kqbpah\Honors Java Final\Images\bee59.jpg</path>
	<source>
		<database>Unknown</database>
	</source>
	<size>
		<width>800</width>
		<height>566</height>
		<depth>3</depth>
	</size>
	<segmented>0</segmented>
	<object>
		<name>bee</name>
		<pose>Unspecified</pose>
		<truncated>0</truncated>
		<difficult>0</difficult>
		<bndbox>
			<xmin>251</xmin>
			<ymin>113</ymin>
			<xmax>512</xmax>
			<ymax>240</ymax>
		</bndbox>
	</object>
	<object>
		<name>bee</name>
		<pose>Unspecified</pose>
		<truncated>0</truncated>
		<difficult>0</difficult>
		<bndbox>
			<xmin>97</xmin>
			<ymin>349</ymin>
			<xmax>334</xmax>
			<ymax>449</ymax>
		</bndbox>
	</object>
	<object>
		<name>bee</name>
		<pose>Unspecified</pose>
		<truncated>0</truncated>
		<difficult>0</difficult>
		<bndbox>
			<xmin>452</xmin>
			<ymin>335</ymin>
			<xmax>720</xmax>
			<ymax>455</ymax>
		</bndbox>
	</object>
</annotation>
