<annotation>
	<folder>Images</folder>
	<filename>bee51.jpg</filename>
	<path>C:\Users\hayde_1kqbpah\Honors Java Final\Images\bee51.jpg</path>
	<source>
		<database>Unknown</database>
	</source>
	<size>
		<width>265</width>
		<height>190</height>
		<depth>3</depth>
	</size>
	<segmented>0</segmented>
	<object>
		<name>bee</name>
		<pose>Unspecified</pose>
		<truncated>0</truncated>
		<difficult>0</difficult>
		<bndbox>
			<xmin>79</xmin>
			<ymin>41</ymin>
			<xmax>170</xmax>
			<ymax>144</ymax>
		</bndbox>
	</object>
</annotation>
