<annotation>
	<folder>Images</folder>
	<filename>bee5.jpg</filename>
	<path>C:\Users\hayde_1kqbpah\Honors Java Final\Images\bee5.jpg</path>
	<source>
		<database>Unknown</database>
	</source>
	<size>
		<width>252</width>
		<height>200</height>
		<depth>3</depth>
	</size>
	<segmented>0</segmented>
	<object>
		<name>bee</name>
		<pose>Unspecified</pose>
		<truncated>0</truncated>
		<difficult>0</difficult>
		<bndbox>
			<xmin>52</xmin>
			<ymin>58</ymin>
			<xmax>219</xmax>
			<ymax>171</ymax>
		</bndbox>
	</object>
</annotation>
