<annotation>
	<folder>Images</folder>
	<filename>bee56.jpg</filename>
	<path>C:\Users\hayde_1kqbpah\Honors Java Final\Images\bee56.jpg</path>
	<source>
		<database>Unknown</database>
	</source>
	<size>
		<width>299</width>
		<height>168</height>
		<depth>3</depth>
	</size>
	<segmented>0</segmented>
	<object>
		<name>bee</name>
		<pose>Unspecified</pose>
		<truncated>1</truncated>
		<difficult>0</difficult>
		<bndbox>
			<xmin>72</xmin>
			<ymin>1</ymin>
			<xmax>240</xmax>
			<ymax>168</ymax>
		</bndbox>
	</object>
</annotation>
