<annotation>
	<folder>Images</folder>
	<filename>bee55.jpg</filename>
	<path>C:\Users\hayde_1kqbpah\Honors Java Final\Images\bee55.jpg</path>
	<source>
		<database>Unknown</database>
	</source>
	<size>
		<width>227</width>
		<height>222</height>
		<depth>3</depth>
	</size>
	<segmented>0</segmented>
	<object>
		<name>bee</name>
		<pose>Unspecified</pose>
		<truncated>0</truncated>
		<difficult>0</difficult>
		<bndbox>
			<xmin>63</xmin>
			<ymin>40</ymin>
			<xmax>167</xmax>
			<ymax>143</ymax>
		</bndbox>
	</object>
</annotation>
