<annotation>
	<folder>Images</folder>
	<filename>bee58.jpg</filename>
	<path>C:\Users\hayde_1kqbpah\Honors Java Final\Images\bee58.jpg</path>
	<source>
		<database>Unknown</database>
	</source>
	<size>
		<width>295</width>
		<height>171</height>
		<depth>3</depth>
	</size>
	<segmented>0</segmented>
	<object>
		<name>bee</name>
		<pose>Unspecified</pose>
		<truncated>0</truncated>
		<difficult>0</difficult>
		<bndbox>
			<xmin>83</xmin>
			<ymin>15</ymin>
			<xmax>236</xmax>
			<ymax>115</ymax>
		</bndbox>
	</object>
</annotation>
