<annotation>
	<folder>Images</folder>
	<filename>bee54.jpg</filename>
	<path>C:\Users\hayde_1kqbpah\Honors Java Final\Images\bee54.jpg</path>
	<source>
		<database>Unknown</database>
	</source>
	<size>
		<width>212</width>
		<height>238</height>
		<depth>3</depth>
	</size>
	<segmented>0</segmented>
	<object>
		<name>bee</name>
		<pose>Unspecified</pose>
		<truncated>0</truncated>
		<difficult>0</difficult>
		<bndbox>
			<xmin>57</xmin>
			<ymin>31</ymin>
			<xmax>138</xmax>
			<ymax>204</ymax>
		</bndbox>
	</object>
</annotation>
