<annotation>
	<folder>Images</folder>
	<filename>bee67.jpg</filename>
	<path>C:\Users\hayde_1kqbpah\Honors Java Final\Images\bee67.jpg</path>
	<source>
		<database>Unknown</database>
	</source>
	<size>
		<width>640</width>
		<height>338</height>
		<depth>3</depth>
	</size>
	<segmented>0</segmented>
	<object>
		<name>bee</name>
		<pose>Unspecified</pose>
		<truncated>0</truncated>
		<difficult>0</difficult>
		<bndbox>
			<xmin>243</xmin>
			<ymin>108</ymin>
			<xmax>404</xmax>
			<ymax>271</ymax>
		</bndbox>
	</object>
</annotation>
