<annotation>
	<folder>Images</folder>
	<filename>bee69.jpg</filename>
	<path>C:\Users\hayde_1kqbpah\Honors Java Final\Images\bee69.jpg</path>
	<source>
		<database>Unknown</database>
	</source>
	<size>
		<width>640</width>
		<height>426</height>
		<depth>3</depth>
	</size>
	<segmented>0</segmented>
	<object>
		<name>bee</name>
		<pose>Unspecified</pose>
		<truncated>0</truncated>
		<difficult>0</difficult>
		<bndbox>
			<xmin>155</xmin>
			<ymin>79</ymin>
			<xmax>421</xmax>
			<ymax>284</ymax>
		</bndbox>
	</object>
</annotation>
