<annotation>
	<folder>Images</folder>
	<filename>bee61.jpg</filename>
	<path>C:\Users\hayde_1kqbpah\Honors Java Final\Images\bee61.jpg</path>
	<source>
		<database>Unknown</database>
	</source>
	<size>
		<width>302</width>
		<height>167</height>
		<depth>3</depth>
	</size>
	<segmented>0</segmented>
	<object>
		<name>bee</name>
		<pose>Unspecified</pose>
		<truncated>1</truncated>
		<difficult>0</difficult>
		<bndbox>
			<xmin>82</xmin>
			<ymin>1</ymin>
			<xmax>209</xmax>
			<ymax>167</ymax>
		</bndbox>
	</object>
</annotation>
