<annotation>
	<folder>Images</folder>
	<filename>bee76.jpg</filename>
	<path>C:\Users\hayde_1kqbpah\Honors Java Final\Images\bee76.jpg</path>
	<source>
		<database>Unknown</database>
	</source>
	<size>
		<width>500</width>
		<height>281</height>
		<depth>3</depth>
	</size>
	<segmented>0</segmented>
	<object>
		<name>bee</name>
		<pose>Unspecified</pose>
		<truncated>0</truncated>
		<difficult>0</difficult>
		<bndbox>
			<xmin>261</xmin>
			<ymin>161</ymin>
			<xmax>364</xmax>
			<ymax>216</ymax>
		</bndbox>
	</object>
	<object>
		<name>bee</name>
		<pose>Unspecified</pose>
		<truncated>0</truncated>
		<difficult>0</difficult>
		<bndbox>
			<xmin>346</xmin>
			<ymin>12</ymin>
			<xmax>404</xmax>
			<ymax>58</ymax>
		</bndbox>
	</object>
</annotation>
