<annotation>
	<folder>Images</folder>
	<filename>bee7.jpg</filename>
	<path>C:\Users\hayde_1kqbpah\Honors Java Final\Images\bee7.jpg</path>
	<source>
		<database>Unknown</database>
	</source>
	<size>
		<width>300</width>
		<height>168</height>
		<depth>3</depth>
	</size>
	<segmented>0</segmented>
	<object>
		<name>bee</name>
		<pose>Unspecified</pose>
		<truncated>0</truncated>
		<difficult>0</difficult>
		<bndbox>
			<xmin>93</xmin>
			<ymin>41</ymin>
			<xmax>136</xmax>
			<ymax>70</ymax>
		</bndbox>
	</object>
	<object>
		<name>bee</name>
		<pose>Unspecified</pose>
		<truncated>0</truncated>
		<difficult>0</difficult>
		<bndbox>
			<xmin>172</xmin>
			<ymin>107</ymin>
			<xmax>231</xmax>
			<ymax>131</ymax>
		</bndbox>
	</object>
	<object>
		<name>bee</name>
		<pose>Unspecified</pose>
		<truncated>1</truncated>
		<difficult>0</difficult>
		<bndbox>
			<xmin>259</xmin>
			<ymin>107</ymin>
			<xmax>300</xmax>
			<ymax>142</ymax>
		</bndbox>
	</object>
</annotation>
