<annotation>
	<folder>Images</folder>
	<filename>bee71.jpg</filename>
	<path>C:\Users\hayde_1kqbpah\Honors Java Final\Images\bee71.jpg</path>
	<source>
		<database>Unknown</database>
	</source>
	<size>
		<width>478</width>
		<height>359</height>
		<depth>3</depth>
	</size>
	<segmented>0</segmented>
	<object>
		<name>bee</name>
		<pose>Unspecified</pose>
		<truncated>0</truncated>
		<difficult>0</difficult>
		<bndbox>
			<xmin>91</xmin>
			<ymin>85</ymin>
			<xmax>441</xmax>
			<ymax>242</ymax>
		</bndbox>
	</object>
</annotation>
