<annotation>
	<folder>Images</folder>
	<filename>bee70.jpg</filename>
	<path>C:\Users\hayde_1kqbpah\Honors Java Final\Images\bee70.jpg</path>
	<source>
		<database>Unknown</database>
	</source>
	<size>
		<width>246</width>
		<height>274</height>
		<depth>3</depth>
	</size>
	<segmented>0</segmented>
	<object>
		<name>bee</name>
		<pose>Unspecified</pose>
		<truncated>0</truncated>
		<difficult>0</difficult>
		<bndbox>
			<xmin>103</xmin>
			<ymin>56</ymin>
			<xmax>172</xmax>
			<ymax>242</ymax>
		</bndbox>
	</object>
</annotation>
