<annotation>
	<folder>Images</folder>
	<filename>bee82.jpg</filename>
	<path>C:\Users\hayde_1kqbpah\Honors Java Final\Images\bee82.jpg</path>
	<source>
		<database>Unknown</database>
	</source>
	<size>
		<width>500</width>
		<height>652</height>
		<depth>3</depth>
	</size>
	<segmented>0</segmented>
	<object>
		<name>bee</name>
		<pose>Unspecified</pose>
		<truncated>0</truncated>
		<difficult>0</difficult>
		<bndbox>
			<xmin>192</xmin>
			<ymin>167</ymin>
			<xmax>305</xmax>
			<ymax>373</ymax>
		</bndbox>
	</object>
</annotation>
