<annotation>
	<folder>Images</folder>
	<filename>bee8.jpg</filename>
	<path>C:\Users\hayde_1kqbpah\Honors Java Final\Images\bee8.jpg</path>
	<source>
		<database>Unknown</database>
	</source>
	<size>
		<width>380</width>
		<height>516</height>
		<depth>3</depth>
	</size>
	<segmented>0</segmented>
	<object>
		<name>bee</name>
		<pose>Unspecified</pose>
		<truncated>0</truncated>
		<difficult>0</difficult>
		<bndbox>
			<xmin>101</xmin>
			<ymin>266</ymin>
			<xmax>251</xmax>
			<ymax>372</ymax>
		</bndbox>
	</object>
</annotation>
