<annotation>
	<folder>Images</folder>
	<filename>bee99.jpg</filename>
	<path>C:\Users\hayde_1kqbpah\Honors Java Final\Images\bee99.jpg</path>
	<source>
		<database>Unknown</database>
	</source>
	<size>
		<width>500</width>
		<height>375</height>
		<depth>3</depth>
	</size>
	<segmented>0</segmented>
	<object>
		<name>bee</name>
		<pose>Unspecified</pose>
		<truncated>0</truncated>
		<difficult>0</difficult>
		<bndbox>
			<xmin>126</xmin>
			<ymin>92</ymin>
			<xmax>237</xmax>
			<ymax>257</ymax>
		</bndbox>
	</object>
</annotation>
