<annotation>
	<folder>Images</folder>
	<filename>bee98.jpg</filename>
	<path>C:\Users\hayde_1kqbpah\Honors Java Final\Images\bee98.jpg</path>
	<source>
		<database>Unknown</database>
	</source>
	<size>
		<width>450</width>
		<height>225</height>
		<depth>3</depth>
	</size>
	<segmented>0</segmented>
	<object>
		<name>bee</name>
		<pose>Unspecified</pose>
		<truncated>0</truncated>
		<difficult>0</difficult>
		<bndbox>
			<xmin>186</xmin>
			<ymin>43</ymin>
			<xmax>252</xmax>
			<ymax>91</ymax>
		</bndbox>
	</object>
	<object>
		<name>bee</name>
		<pose>Unspecified</pose>
		<truncated>0</truncated>
		<difficult>0</difficult>
		<bndbox>
			<xmin>52</xmin>
			<ymin>94</ymin>
			<xmax>109</xmax>
			<ymax>164</ymax>
		</bndbox>
	</object>
</annotation>
