<annotation>
	<folder>Images</folder>
	<filename>bee97.jpg</filename>
	<path>C:\Users\hayde_1kqbpah\Honors Java Final\Images\bee97.jpg</path>
	<source>
		<database>Unknown</database>
	</source>
	<size>
		<width>262</width>
		<height>193</height>
		<depth>3</depth>
	</size>
	<segmented>0</segmented>
	<object>
		<name>bee</name>
		<pose>Unspecified</pose>
		<truncated>0</truncated>
		<difficult>0</difficult>
		<bndbox>
			<xmin>136</xmin>
			<ymin>62</ymin>
			<xmax>182</xmax>
			<ymax>87</ymax>
		</bndbox>
	</object>
</annotation>
