<annotation>
	<folder>Images</folder>
	<filename>bee96.jpg</filename>
	<path>C:\Users\hayde_1kqbpah\Honors Java Final\Images\bee96.jpg</path>
	<source>
		<database>Unknown</database>
	</source>
	<size>
		<width>1024</width>
		<height>682</height>
		<depth>3</depth>
	</size>
	<segmented>0</segmented>
	<object>
		<name>bee</name>
		<pose>Unspecified</pose>
		<truncated>0</truncated>
		<difficult>0</difficult>
		<bndbox>
			<xmin>483</xmin>
			<ymin>538</ymin>
			<xmax>590</xmax>
			<ymax>602</ymax>
		</bndbox>
	</object>
</annotation>
